month,asset_id,production_mwh,realized_price_eur_mwh,revenue_eur,direct_opex_eur,allocated_overhead_eur,ebitda_eur,capex_eur,utilization_pct,downtime_hours,availability_pct
2025-01-01,A001,64359.9,86.48,5565844,1258148,156000,4151696,64800,0.4806,18,0.9758
2025-01-01,A002,3102.5,84.15,261073,107938,43050,110085,8320,0.0556,3,0.996
2025-01-01,A003,1737.4,84.15,146201,64359,30750,51092,8320,0.0556,3,0.996
2025-01-01,A004,11389.0,42.38,482679,304810,67600,110269,189000,0.2551,11,0.9852
2025-01-01,A005,1814.0,118.0,214054,676776,100700,-563422,598000,0.1219,28,0.9624
2025-02-01,A001,54498.5,82.72,4508114,1172297,156000,3179816,64800,0.4505,18,0.9732
2025-02-01,A002,4049.8,80.19,324757,111021,43050,170687,8320,0.0804,7,0.9896
2025-02-01,A003,2267.9,80.19,181864,66086,30750,85029,8320,0.0804,7,0.9896
2025-02-01,A004,11837.8,42.94,508337,306599,67600,134138,189000,0.2936,11,0.9836
2025-02-01,A005,1805.3,118.0,213021,675800,100700,-563479,598000,0.1343,28,0.9583
2025-03-01,A001,56636.7,77.08,4365558,1190241,156000,3019317,64800,0.4229,18,0.9758
2025-03-01,A002,6769.0,74.25,502601,119861,43050,339690,31200,0.1213,3,0.996
2025-03-01,A003,3790.7,74.25,281456,71036,30750,179670,31200,0.1213,3,0.996
2025-03-01,A004,10955.8,38.4,420734,300561,67600,52573,189000,0.2454,23,0.9691
2025-03-01,A005,2183.3,118.0,257634,717938,100700,-561004,920000,0.1467,28,0.9624
2025-04-01,A001,46353.3,71.44,3311481,1227988,156000,1927493,270000,0.3577,32,0.9556
2025-04-01,A002,8733.1,68.31,596555,126248,43050,427257,8320,0.1617,3,0.9958
2025-04-01,A003,4890.5,68.31,334071,74613,30750,228708,8320,0.1617,3,0.9958
2025-04-01,A004,11403.0,38.96,444308,302350,67600,74358,189000,0.264,11,0.9847
2025-04-01,A005,2291.6,118.0,270411,730005,100700,-560295,920000,0.1591,28,0.9611
2025-05-01,A001,42477.5,66.74,2834951,1065743,156000,1613208,64800,0.3172,18,0.9758
2025-05-01,A002,11281.7,58.41,658966,134534,43050,481381,8320,0.2022,3,0.996
2025-05-01,A003,6317.8,58.41,369021,79253,30750,259017,8320,0.2022,3,0.996
2025-05-01,A004,11858.0,39.52,468687,304139,67600,96948,189000,0.2656,11,0.9852
2025-05-01,A005,2552.7,118.0,301214,759100,100700,-558585,920000,0.1716,51,0.9315
2025-06-01,A001,37339.4,62.98,2351634,1020747,156000,1174887,64800,0.2881,18,0.975
2025-06-01,A002,12280.9,54.45,668693,137785,43050,487858,8320,0.2274,3,0.9958
2025-06-01,A003,6877.3,54.45,374468,81074,30750,262644,8320,0.2274,3,0.9958
2025-06-01,A004,12320.6,40.09,493885,305928,67600,120357,189000,0.2852,11,0.9847
2025-06-01,A005,2649.0,118.0,312585,769839,100700,-557954,598000,0.184,28,0.9611
2025-07-01,A001,37328.7,61.1,2280786,1020471,156000,1104315,64800,0.2787,18,0.9758
2025-07-01,A002,12974.0,52.47,680745,140037,43050,497658,8320,0.2325,3,0.996
2025-07-01,A003,7265.4,52.47,381217,82335,30750,268132,8320,0.2325,3,0.996
2025-07-01,A004,12791.0,40.65,519914,307717,67600,144598,189000,0.2865,11,0.9852
2025-07-01,A005,2922.0,118.0,344794,800261,100700,-556167,598000,0.1964,28,0.9624
2025-08-01,A001,39903.1,63.92,2550609,1043107,156000,1351502,64800,0.298,18,0.9758
2025-08-01,A002,11563.8,55.44,641095,135452,43050,462594,8320,0.2072,3,0.996
2025-08-01,A003,6475.7,55.44,359013,79767,30750,248496,8320,0.2072,3,0.996
2025-08-01,A004,13269.0,41.21,546787,309505,67600,169682,189000,0.2972,11,0.9852
2025-08-01,A005,3106.6,118.0,366584,820842,100700,-554958,598000,0.2088,28,0.9624
2025-09-01,A001,44807.3,69.56,3116793,1086447,156000,1874346,64800,0.3457,18,0.975
2025-09-01,A002,8460.2,66.33,561162,125361,43050,392751,31200,0.1567,3,0.9958
2025-09-01,A003,4737.7,66.33,314251,74116,30750,209385,31200,0.1567,3,0.9958
2025-09-01,A004,13754.6,41.77,574518,311294,67600,195623,75600,0.3184,23,0.9681
2025-09-01,A005,3185.1,118.0,375846,829590,100700,-554444,598000,0.2212,28,0.9611
2025-10-01,A001,53019.8,77.08,4086766,1286387,156000,2644378,270000,0.3959,32,0.957
2025-10-01,A002,5922.9,74.25,439776,117109,43050,279616,8320,0.1061,3,0.996
2025-10-01,A003,3316.8,74.25,246274,69495,30750,146029,8320,0.1061,3,0.996
2025-10-01,A004,14248.0,42.33,603118,313083,67600,222435,75600,0.3192,11,0.9852
2025-10-01,A005,3476.0,118.0,410164,862004,100700,-552540,598000,0.2336,28,0.9624
2025-11-01,A001,58498.4,82.72,4838985,1206895,156000,3476089,64800,0.4514,18,0.975
2025-11-01,A002,3528.0,80.19,282911,109323,43050,130539,8320,0.0653,7,0.9903
2025-11-01,A003,1975.7,80.19,158430,65135,30750,62546,8320,0.0653,7,0.9903
2025-11-01,A004,16221.8,47.99,778502,322698,67600,388205,75600,0.3755,11,0.9847
2025-11-01,A005,3542.5,118.0,418020,869424,100700,-552104,598000,0.246,51,0.9292
2025-12-01,A001,65647.1,88.36,5800578,1269466,156000,4375111,64800,0.4902,18,0.9758
2025-12-01,A002,2820.4,86.13,242924,107021,43050,92853,8320,0.0505,3,0.996
2025-12-01,A003,1579.4,86.13,136037,63846,30750,41441,8320,0.0505,3,0.996
2025-12-01,A004,16747.4,48.55,813118,324487,67600,421031,75600,0.3752,11,0.9852
2025-12-01,A005,3845.3,118.0,453744,903165,100700,-550121,598000,0.2584,28,0.9624
2026-01-01,A001,64714.5,84.94,5496901,1258148,156000,4082753,64800,0.4832,14,0.9812
2026-01-01,A002,3102.5,80.67,250262,107938,43050,99273,8320,0.0556,3,0.996
2026-01-01,A003,1737.4,80.67,140147,64359,30750,45037,8320,0.0556,3,0.996
2026-01-01,A004,18083.6,51.52,931674,320205,67600,543869,75600,0.4051,11,0.9852
2026-01-01,A005,4637.2,118.0,547190,891047,100700,-444557,462000,0.3116,28,0.9624
2026-02-01,A001,54831.8,81.25,4455325,1172297,156000,3127027,64800,0.4533,14,0.9792
2026-02-01,A002,4049.8,76.86,311286,111021,43050,157215,8320,0.0804,7,0.9896
2026-02-01,A003,2267.9,76.86,174320,66086,30750,77485,8320,0.0804,7,0.9896
2026-02-01,A004,18640.4,52.11,971335,321961,67600,581774,75600,0.4623,11,0.9836
2026-02-01,A005,4380.4,118.0,516883,867051,100700,-450868,462000,0.3259,28,0.9583
2026-03-01,A001,56948.8,75.72,4312433,1190241,156000,2966193,64800,0.4252,14,0.9812
2026-03-01,A002,6769.0,71.16,481693,119861,43050,318782,31200,0.1213,3,0.996
2026-03-01,A003,3790.7,71.16,269748,71036,30750,167962,31200,0.1213,3,0.996
2026-03-01,A004,17595.0,47.35,833079,316036,67600,449443,75600,0.3942,23,0.9691
2026-03-01,A005,5062.2,118.0,597337,930752,100700,-434115,462000,0.3402,28,0.9624
2026-04-01,A001,46622.8,70.2,3272697,1227988,156000,1888710,270000,0.3597,28,0.9611
2026-04-01,A002,8733.1,65.46,571656,126248,43050,402357,8320,0.1617,3,0.9958
2026-04-01,A003,4890.5,65.46,320127,74613,30750,214764,8320,0.1617,3,0.9958
2026-04-01,A004,17963.0,47.94,861074,317791,67600,475683,75600,0.4158,11,0.9847
2026-04-01,A005,5104.5,118.0,602332,934707,100700,-433075,462000,0.3545,28,0.9611
2026-05-01,A001,42711.6,65.59,2801332,1065743,156000,1579589,64800,0.3189,14,0.9812
2026-05-01,A002,11281.7,55.76,629033,134534,43050,451448,8320,0.2022,3,0.996
2026-05-01,A003,6317.8,55.76,352258,79253,30750,242255,8320,0.2022,3,0.996
2026-05-01,A004,18331.0,48.52,889503,319547,67600,502356,75600,0.4106,11,0.9852
2026-05-01,A005,5487.1,118.0,647484,970456,100700,-423673,462000,0.3688,51,0.9315
2026-06-01,A001,37552.1,61.9,2324508,1020747,156000,1147760,64800,0.2898,14,0.9806
2026-06-01,A002,12280.9,51.96,638055,137785,43050,457220,8320,0.2274,3,0.9958
2026-06-01,A003,6877.3,51.96,357311,81074,30750,245487,8320,0.2274,3,0.9958
2026-06-01,A004,18699.0,49.11,918364,321302,67600,529462,75600,0.4328,11,0.9847
2026-06-01,A005,5515.8,118.0,650862,973131,100700,-422970,462000,0.383,28,0.9611
2026-07-01,A001,37534.4,60.06,2254227,1020471,156000,1077756,64800,0.2803,14,0.9812
2026-07-01,A002,12974.0,50.05,649405,140037,43050,466318,8320,0.2325,3,0.996
2026-07-01,A003,7265.4,50.05,363667,82335,30750,250582,8320,0.2325,3,0.996
2026-07-01,A004,19067.0,49.7,947659,323058,67600,557001,75600,0.4271,11,0.9852
2026-07-01,A005,5912.1,118.0,697630,1010161,100700,-413231,462000,0.3973,28,0.9624
2026-08-01,A001,40123.0,62.82,2520623,1043107,156000,1321516,64800,0.2996,14,0.9812
2026-08-01,A002,11563.8,52.91,611788,135452,43050,433286,8320,0.2072,3,0.996
2026-08-01,A003,6475.7,52.91,342601,79767,30750,232084,8320,0.2072,3,0.996
2026-08-01,A004,19435.0,50.29,977386,324813,67600,584973,75600,0.4354,11,0.9852
2026-08-01,A005,6562.1,118.0,774325,1030013,100700,-356388,462000,0.441,28,0.9624
2026-09-01,A001,45062.6,68.35,3080117,1086447,156000,1837670,64800,0.3477,14,0.9806
2026-09-01,A002,8460.2,63.56,537710,125361,43050,369299,31200,0.1567,3,0.9958
2026-09-01,A003,4737.7,63.56,301118,74116,30750,196252,31200,0.1567,3,0.9958
2026-09-01,A004,19803.0,50.88,1007547,326569,67600,613378,75600,0.4584,23,0.9681
2026-09-01,A005,6570.7,118.0,775345,1030767,100700,-356122,462000,0.4563,28,0.9611
2026-10-01,A001,53317.7,75.72,4037469,1286387,156000,2595082,270000,0.3981,28,0.9624
2026-10-01,A002,5922.9,71.16,421481,117109,43050,261322,8320,0.1061,3,0.996
2026-10-01,A003,3316.8,71.16,236029,69495,30750,135784,8320,0.1061,3,0.996
2026-10-01,A004,20171.0,51.47,1038141,328324,67600,642216,75600,0.4519,11,0.9852
2026-10-01,A005,7017.4,118.0,828054,1069718,100700,-342364,462000,0.4716,28,0.9624
2026-11-01,A001,58831.7,81.25,4780333,1206895,156000,3417438,64800,0.4539,14,0.9806
2026-11-01,A002,3528.0,76.86,271176,109323,43050,118803,8320,0.0653,7,0.9903
2026-11-01,A003,1975.7,76.86,151858,65135,30750,55974,8320,0.0653,7,0.9903
2026-11-01,A004,22149.0,57.41,1271474,337760,67600,866114,75600,0.5127,11,0.9847
2026-11-01,A005,6998.4,118.0,825811,1068060,100700,-342949,462000,0.486,51,0.9292
2026-12-01,A001,66008.8,86.78,5728507,1269466,156000,4303040,64800,0.4929,14,0.9812
2026-12-01,A002,2820.4,82.57,232872,107021,43050,82801,8320,0.0505,3,0.996
2026-12-01,A003,1579.4,82.57,130408,63846,30750,35812,8320,0.0505,3,0.996
2026-12-01,A004,22517.0,57.99,1305851,339516,67600,898735,75600,0.5044,11,0.9852
2026-12-01,A005,7231.7,118.0,853338,1088402,100700,-335764,462000,0.486,28,0.9624
